config,group,rate,req_s,out_tok_s,ttft_p50_ms,ttft_p95_ms,ttft_p99_ms,itl_mean_ms,kv_cache_max_pct,waiting_max,preemptions
seqs-4,batching,1.000,0.950,327.561,47.640,1141.478,1141.478,5.023,0.965,0.000,0.000
seqs-4,batching,3.000,2.000,682.228,2105.645,4408.335,4641.995,5.538,1.504,15.000,0.000
seqs-4,batching,5.000,2.000,682.893,4413.915,9408.995,9542.444,5.633,1.583,55.000,0.000
seqs-4,batching,8.000,2.150,697.860,6739.282,12930.176,13108.479,5.496,1.639,113.000,0.000
seqs-4,batching,12.000,2.000,703.752,6599.884,13629.861,13726.822,5.498,1.628,192.000,0.000
seqs-32,batching,1.000,0.950,322.692,45.570,643.824,643.824,4.995,0.746,0.000,0.000
seqs-32,batching,3.000,2.750,899.494,46.390,58.142,255.428,5.591,2.005,0.000,0.000
seqs-32,batching,5.000,4.400,1428.961,54.265,67.071,174.603,7.510,4.185,0.000,0.000
seqs-32,batching,8.000,5.600,1811.786,485.541,1336.302,1424.927,13.753,10.386,17.000,0.000
seqs-32,batching,12.000,5.750,1874.499,1962.812,5576.427,5741.908,14.029,11.109,91.000,0.000
seqs-128,batching,1.000,0.950,321.925,41.562,641.618,641.618,4.623,0.829,0.000,0.000
seqs-128,batching,3.000,2.750,895.447,49.775,57.776,207.354,5.844,2.242,0.000,0.000
seqs-128,batching,5.000,4.400,1422.253,56.703,66.844,181.379,7.743,4.677,0.000,0.000
seqs-128,batching,8.000,3.800,1239.884,77.324,105.365,206.542,19.734,27.248,0.000,0.000
seqs-128,batching,12.000,0.500,169.227,61.644,232.645,232.645,36.691,39.414,96.000,0.000
mem-0.45,memory,1.000,0.950,320.703,42.097,472.005,472.005,4.594,1.371,0.000,0.000
mem-0.45,memory,3.000,2.750,897.929,49.663,66.087,206.475,5.738,3.866,0.000,0.000
mem-0.45,memory,5.000,4.400,1434.887,54.414,62.490,269.005,7.509,8.114,0.000,0.000
mem-0.45,memory,8.000,4.150,1346.517,76.009,93.112,204.757,18.913,45.426,0.000,0.000
mem-0.45,memory,12.000,0.600,209.272,52.416,188.738,188.738,33.064,69.656,92.000,0.000
fp8-0.45,kvquant,1.000,0.950,323.038,53.677,619.682,619.682,5.274,2.044,0.000,0.000
fp8-0.45,kvquant,3.000,2.700,884.671,48.755,69.002,201.731,6.294,4.024,0.000,0.000
fp8-0.45,kvquant,5.000,4.450,1439.571,51.107,63.873,189.610,7.292,7.501,0.000,0.000
fp8-0.45,kvquant,8.000,5.950,1927.571,62.940,75.618,102.390,13.740,23.662,0.000,0.000
fp8-0.45,kvquant,12.000,1.600,535.148,58.766,138.540,173.466,22.764,65.866,72.000,0.000
